CREATE DATABASE  IF NOT EXISTS `personalfinance` /*!40100 DEFAULT CHARACTER SET utf8mb4 COLLATE utf8mb4_0900_ai_ci */ /*!80016 DEFAULT ENCRYPTION='N' */;
USE `personalfinance`;
-- MySQL dump 10.13  Distrib 8.0.42, for Win64 (x86_64)
--
-- Host: localhost    Database: personalfinance
-- ------------------------------------------------------
-- Server version	8.0.42

/*!40101 SET @OLD_CHARACTER_SET_CLIENT=@@CHARACTER_SET_CLIENT */;
/*!40101 SET @OLD_CHARACTER_SET_RESULTS=@@CHARACTER_SET_RESULTS */;
/*!40101 SET @OLD_COLLATION_CONNECTION=@@COLLATION_CONNECTION */;
/*!50503 SET NAMES utf8 */;
/*!40103 SET @OLD_TIME_ZONE=@@TIME_ZONE */;
/*!40103 SET TIME_ZONE='+00:00' */;
/*!40014 SET @OLD_UNIQUE_CHECKS=@@UNIQUE_CHECKS, UNIQUE_CHECKS=0 */;
/*!40014 SET @OLD_FOREIGN_KEY_CHECKS=@@FOREIGN_KEY_CHECKS, FOREIGN_KEY_CHECKS=0 */;
/*!40101 SET @OLD_SQL_MODE=@@SQL_MODE, SQL_MODE='NO_AUTO_VALUE_ON_ZERO' */;
/*!40111 SET @OLD_SQL_NOTES=@@SQL_NOTES, SQL_NOTES=0 */;

--
-- Table structure for table `balance`
--

DROP TABLE IF EXISTS `balance`;
/*!40101 SET @saved_cs_client     = @@character_set_client */;
/*!50503 SET character_set_client = utf8mb4 */;
CREATE TABLE `balance` (
  `id` int NOT NULL AUTO_INCREMENT,
  `concept` varchar(45) DEFAULT NULL,
  `january` decimal(10,2) DEFAULT NULL,
  `february` decimal(10,2) DEFAULT NULL,
  `march` decimal(10,2) DEFAULT NULL,
  `april` decimal(10,2) DEFAULT NULL,
  `may` decimal(10,2) DEFAULT NULL,
  `june` decimal(10,2) DEFAULT NULL,
  `july` decimal(10,2) DEFAULT NULL,
  `august` decimal(10,2) DEFAULT NULL,
  `september` decimal(10,2) DEFAULT NULL,
  `october` decimal(10,2) DEFAULT NULL,
  `november` decimal(10,2) DEFAULT NULL,
  `december` decimal(10,2) DEFAULT NULL,
  `year` int DEFAULT NULL,
  PRIMARY KEY (`id`)
) ENGINE=InnoDB AUTO_INCREMENT=11 DEFAULT CHARSET=utf8mb4 COLLATE=utf8mb4_0900_ai_ci;
/*!40101 SET character_set_client = @saved_cs_client */;

--
-- Dumping data for table `balance`
--

LOCK TABLES `balance` WRITE;
/*!40000 ALTER TABLE `balance` DISABLE KEYS */;
INSERT INTO `balance` VALUES (1,'INGRESO',1526539.01,1692561.75,2708123.98,2481864.51,2100144.90,3663549.86,1664397.89,1689298.38,2185984.25,2006657.35,1703963.37,2503963.37,2025),(2,'EGRESO',1196267.69,1445265.27,2343808.93,2461546.22,2064805.54,2980455.73,1829248.24,1687970.63,2135165.26,2007469.18,1647849.36,2418319.19,2025),(3,'BALANCE',367271.32,247296.48,364315.05,20318.29,35339.36,683094.13,-164850.35,1327.75,50818.99,-811825.00,56114.01,85644.18,2025),(4,'EFECTIVIZADO',0.00,0.00,0.00,0.00,0.00,0.00,0.00,0.00,0.00,0.00,0.00,0.00,2025),(5,'RESTANTE',0.00,0.00,0.00,0.00,0.00,0.00,0.00,0.00,0.00,0.00,0.00,0.00,2025),(6,'INGRESO',0.00,0.00,0.00,0.00,0.00,0.00,0.00,0.00,0.00,0.00,0.00,0.00,2026),(7,'EGRESO',0.00,0.00,0.00,0.00,0.00,0.00,0.00,0.00,0.00,0.00,0.00,0.00,2026),(8,'BALANCE',0.00,0.00,0.00,0.00,0.00,0.00,0.00,0.00,0.00,0.00,0.00,0.00,2026),(9,'EFECTIVIZADO',0.00,0.00,0.00,0.00,0.00,0.00,0.00,0.00,0.00,0.00,0.00,0.00,2026),(10,'RESTANTE',0.00,0.00,0.00,0.00,0.00,0.00,0.00,0.00,0.00,0.00,0.00,0.00,2026);
/*!40000 ALTER TABLE `balance` ENABLE KEYS */;
UNLOCK TABLES;

--
-- Table structure for table `bills`
--

DROP TABLE IF EXISTS `bills`;
/*!40101 SET @saved_cs_client     = @@character_set_client */;
/*!50503 SET character_set_client = utf8mb4 */;
CREATE TABLE `bills` (
  `id` int NOT NULL AUTO_INCREMENT,
  `typeofexpenseid` int DEFAULT NULL,
  `summary` varchar(200) DEFAULT NULL,
  `january` decimal(10,2) DEFAULT NULL,
  `february` decimal(10,2) DEFAULT NULL,
  `march` decimal(10,2) DEFAULT NULL,
  `april` decimal(10,2) DEFAULT NULL,
  `may` decimal(10,2) DEFAULT NULL,
  `june` decimal(10,2) DEFAULT NULL,
  `july` decimal(10,2) DEFAULT NULL,
  `august` decimal(10,2) DEFAULT NULL,
  `september` decimal(10,2) DEFAULT NULL,
  `october` decimal(10,2) DEFAULT NULL,
  `november` decimal(10,2) DEFAULT NULL,
  `december` decimal(10,2) DEFAULT NULL,
  `wallet` int DEFAULT NULL,
  `verified` tinyint(1) DEFAULT NULL,
  `reserved` tinyint(1) DEFAULT NULL,
  `paid` tinyint(1) DEFAULT NULL,
  `year` int DEFAULT NULL,
  `observations` varchar(255) DEFAULT NULL,
  `active` tinyint(1) DEFAULT NULL,
  PRIMARY KEY (`id`),
  KEY `fx_typeofexpenseid_typeofexpense_idx` (`typeofexpenseid`),
  KEY `fx_wallet_typeofexpense_idx` (`wallet`),
  CONSTRAINT `fx_typeofexpenseid_typeofexpense` FOREIGN KEY (`typeofexpenseid`) REFERENCES `typeofexpense` (`id`),
  CONSTRAINT `fx_wallet_typeofexpense` FOREIGN KEY (`wallet`) REFERENCES `typeofexpense` (`id`)
) ENGINE=InnoDB AUTO_INCREMENT=93 DEFAULT CHARSET=utf8mb4 COLLATE=utf8mb4_0900_ai_ci;
/*!40101 SET character_set_client = @saved_cs_client */;

--
-- Dumping data for table `bills`
--

LOCK TABLES `bills` WRITE;
/*!40000 ALTER TABLE `bills` DISABLE KEYS */;
INSERT INTO `bills` VALUES (1,1,'Cta Alimentaria/Impuestos',397802.31,410668.18,0.00,0.00,0.00,0.00,0.00,0.00,0.00,0.00,0.00,0.00,1,0,0,0,2025,NULL,0),(2,2,'Alquiler mensual',250000.00,450000.00,450000.00,450000.00,450000.00,450000.00,450000.00,450000.00,450000.00,450000.00,450000.00,550000.00,6,1,1,0,2025,NULL,1),(3,3,'Personal-Salud',20000.00,20000.00,20000.00,20000.00,20000.00,20000.00,20000.00,20000.00,10000.00,20000.00,0.00,22000.00,2,1,1,0,2025,NULL,1),(4,4,'ALMACEN',320000.00,90000.00,90000.00,90000.00,80000.00,90000.00,90000.00,0.00,50000.00,50000.00,50000.00,80000.00,3,1,1,0,2025,NULL,1),(5,9,'RESUMEN MENSUAL',237660.06,180144.80,406323.53,27324.52,108666.68,808561.66,99872.43,0.00,0.00,40225.69,0.00,530277.45,1,1,0,0,2025,NULL,1),(6,10,'RESUMEN MENSUAL',0.00,126550.84,366989.56,754819.38,727213.93,267323.02,255322.76,141127.04,10666.68,342423.00,0.00,49200.00,1,1,0,0,2025,NULL,1),(7,11,'RESUMEN MENSUAL',32755.53,32755.53,32755.53,34382.26,34250.84,569240.40,43678.93,34899.17,51368.76,48129.02,50062.48,115549.32,2,1,0,0,2025,NULL,1),(8,12,'RESUMEN MENSUAL',51537.26,51537.26,51537.26,0.00,0.00,0.00,0.00,0.00,0.00,23710.72,13385.39,271554.32,2,1,0,0,2025,NULL,1),(9,13,'RESUMEN MENSUAL',0.00,0.00,15373.83,15373.82,15373.82,15373.82,49363.82,15373.82,412254.18,247000.00,272599.42,276693.42,2,1,0,0,2025,NULL,1),(10,7,'LINEA PERSONAL',15000.00,6000.00,6000.00,18000.00,6000.00,6000.00,6000.00,20000.00,20000.00,27000.00,0.00,20000.00,7,1,0,0,2025,NULL,1),(11,34,'ROXANA',33850.00,20110.00,0.00,55323.00,0.00,10762.00,0.00,38900.00,19400.00,45800.00,53700.00,0.00,4,1,1,0,2025,NULL,1),(12,18,'CELULAR A52',50000.00,50000.00,50000.00,50000.00,50000.00,0.00,0.00,0.00,0.00,0.00,0.00,0.00,3,0,0,0,2025,NULL,0),(13,20,'IOL',100000.00,100000.00,50000.00,0.00,0.00,0.00,0.00,0.00,0.00,0.00,0.00,0.00,6,0,0,1,2025,NULL,0),(14,24,'Prudential Seguros: Póliza: 1004009, N° Certificado: 87897.',10874.96,10874.96,11744.91,11744.91,10874.96,10874.96,12449.42,12449.42,13071.80,13071.80,13071.80,13071.80,3,1,1,0,2025,NULL,1),(15,28,'RESUMEN MENSUAL',14400.00,0.00,15900.00,15900.00,17400.00,15900.00,17400.00,17400.00,17400.00,17400.00,18600.00,18600.00,3,1,1,0,2025,NULL,1),(16,29,'MEMBRESIA',5353.47,5353.47,5353.47,7036.47,7036.47,7036.47,7036.47,5656.77,7036.47,7036.47,7036.47,7036.47,2,1,0,0,2025,NULL,1),(17,30,'PLAN FAMILIAR',6424.47,6424.47,6424.47,6424.47,6424.47,6424.47,6424.47,6424.47,6424.47,8413.47,6424.47,6424.47,2,1,1,0,2025,NULL,1),(18,31,'MEMBRESIA',2905.47,2905.47,2905.47,2905.47,2905.47,2905.47,2905.47,5200.47,2905.47,5200.47,2905.47,2905.47,2,1,1,0,2025,NULL,1),(19,32,'MEMBRESIA',5506.47,5506.47,5506.47,5506.47,5506.47,5506.47,5506.47,5506.47,5506.47,2753235.00,5506.47,5506.47,2,1,1,0,2025,NULL,1),(20,28,'INSTALACION',40000.00,0.00,0.00,15900.00,0.00,0.00,0.00,0.00,0.00,0.00,0.00,0.00,3,0,0,0,2025,NULL,0),(21,22,'2 SECCIONES X MES',0.00,42000.00,48000.00,48000.00,54000.00,54000.00,54000.00,58000.00,60000.00,60000.00,60000.00,32000.00,2,1,1,0,2025,NULL,1),(22,4,'CARNICERIA',0.00,55000.00,40000.00,40000.00,35000.00,35000.00,50000.00,35000.00,30000.00,50000.00,40000.00,35000.00,3,1,1,0,2025,NULL,1),(23,4,'CHINOS',0.00,85000.00,90000.00,90000.00,40000.00,40000.00,40000.00,40000.00,30000.00,30000.00,30000.00,40000.00,3,1,1,0,2025,NULL,1),(24,4,'PERFUMERIA',0.00,55102.00,29676.00,25000.00,25000.00,11000.00,11000.00,15000.00,11000.00,11000.00,12000.00,11000.00,3,1,0,0,2025,NULL,1),(25,4,'VERDULERIA',0.00,50000.00,30000.00,30000.00,25000.00,30000.00,30000.00,30000.00,30000.00,30000.00,30000.00,30000.00,3,1,1,0,2025,NULL,1),(26,14,'RESUMEN MENSUAL',0.00,0.00,29652.43,29652.43,29652.43,0.00,0.00,0.00,0.00,39622.53,0.00,0.00,3,1,0,0,2025,NULL,1),(27,8,'VACACIONES',0.00,0.00,150000.00,0.00,0.00,0.00,0.00,50000.00,0.00,0.00,0.00,0.00,6,0,0,0,2025,NULL,0),(28,26,'4G DE PERSONAL',0.00,0.00,6000.00,6000.00,6000.00,20000.00,20000.00,20000.00,20000.00,15000.00,20000.00,20000.00,7,1,1,0,2025,NULL,1),(29,21,'HONORARIOS X ACUERDO TENENCIA AMK',0.00,0.00,193666.00,193666.00,0.00,81368.00,81368.00,84438.00,43000.00,0.00,0.00,0.00,6,0,0,0,2025,NULL,0),(30,1,'AMK COLEGIO',0.00,0.00,40000.00,40000.00,40000.00,40000.00,20000.00,30000.00,25000.00,25000.00,25000.00,25000.00,3,1,1,0,2025,NULL,1),(31,2,'Cuota Adelanto',0.00,100000.00,100000.00,100000.00,100000.00,50000.00,0.00,0.00,0.00,0.00,0.00,0.00,4,0,0,0,2025,NULL,0),(32,35,'LUZ',0.00,0.00,0.00,13000.00,15000.00,15000.00,20000.00,20000.00,0.00,0.00,0.00,0.00,2,0,0,1,2025,NULL,0),(33,8,'GASTOS PERSONALES',0.00,0.00,0.00,207536.00,100000.00,100000.00,80000.00,80000.00,50000.00,50000.00,30000.00,50000.00,4,1,1,0,2025,NULL,1),(34,20,'CASA PROPIA',0.00,0.00,0.00,22501.02,0.00,0.00,0.00,0.00,0.00,0.00,0.00,0.00,4,0,0,0,2025,NULL,0),(35,20,'AUTO',0.00,0.00,0.00,35550.00,0.00,0.00,0.00,0.00,0.00,0.00,0.00,0.00,4,0,0,0,2025,NULL,0),(36,19,'ISTEA MATRICULA',0.00,0.00,0.00,0.00,0.00,0.00,150000.00,0.00,0.00,0.00,0.00,0.00,2,0,0,0,2025,NULL,1),(37,19,'ISTEA TECNICATURA',0.00,0.00,0.00,0.00,0.00,0.00,0.00,247000.00,0.00,0.00,0.00,0.00,2,0,0,1,2025,NULL,0),(38,4,'FERIA 700',0.00,0.00,0.00,0.00,30000.00,30000.00,0.00,50000.00,50000.00,80000.00,50000.00,50000.00,3,1,1,0,2025,NULL,1),(39,3,'PASTILLAS ANTICONCEPTIVAS',0.00,0.00,0.00,0.00,25000.00,23700.00,23500.00,24500.00,25000.00,25000.00,25000.00,24500.00,2,1,1,0,2025,NULL,1),(40,1,'CUMPLEAÑOS ANA',0.00,0.00,0.00,0.00,50000.00,0.00,0.00,0.00,0.00,0.00,0.00,0.00,3,0,0,0,2025,NULL,0),(41,14,'PRESTAMO',0.00,0.00,0.00,0.00,0.00,12723.99,0.00,0.00,0.00,0.00,96462.39,0.00,3,1,1,1,2025,NULL,1),(42,21,'CASO NERY CTA ALIMENTICIA',0.00,0.00,0.00,0.00,0.00,191755.00,203420.00,211095.00,211095.00,211095.00,211095.00,0.00,6,1,1,0,2025,NULL,1),(43,21,'HONORARIOS X ACUERDO CTA ALIMENTARIA 07/2025',0.00,0.00,0.00,0.00,0.00,0.00,0.00,0.00,202651.20,0.00,75000.00,120000.00,6,1,1,0,2025,NULL,1),(44,21,'HONORARIOS X ACUERDO CTA ALIMENTARIA 07/2025 - CARATULA',0.00,0.00,0.00,0.00,0.00,0.00,0.00,0.00,314581.60,0.00,0.00,0.00,6,0,0,0,2025,NULL,0),(45,8,'POWER GYM',0.00,0.00,0.00,0.00,0.00,0.00,0.00,0.00,12000.00,0.00,0.00,12000.00,2,0,0,0,2025,NULL,1),(46,36,'PRESTAMO [270925] $50.000',0.00,0.00,0.00,0.00,0.00,0.00,0.00,0.00,0.00,57587.77,0.00,0.00,2,1,0,0,2025,NULL,1),(47,1,'Cta Alimentaria/Impuestos',0.00,0.00,0.00,0.00,0.00,0.00,0.00,0.00,0.00,0.00,0.00,0.00,1,0,0,0,2026,NULL,0),(48,2,'Alquiler mensual',0.00,0.00,0.00,0.00,0.00,0.00,0.00,0.00,0.00,0.00,0.00,0.00,6,1,1,0,2026,NULL,1),(49,3,'Personal-Salud',0.00,0.00,0.00,0.00,0.00,0.00,0.00,0.00,0.00,0.00,0.00,0.00,2,1,1,0,2026,NULL,1),(50,4,'ALMACEN',0.00,0.00,0.00,0.00,0.00,0.00,0.00,0.00,0.00,0.00,0.00,0.00,3,1,1,0,2026,NULL,1),(51,9,'RESUMEN MENSUAL',0.00,0.00,0.00,0.00,0.00,0.00,0.00,0.00,0.00,0.00,0.00,0.00,1,1,0,0,2026,NULL,1),(52,10,'RESUMEN MENSUAL',0.00,0.00,0.00,0.00,0.00,0.00,0.00,0.00,0.00,0.00,0.00,0.00,1,1,0,0,2026,NULL,1),(53,11,'RESUMEN MENSUAL',0.00,0.00,0.00,0.00,0.00,0.00,0.00,0.00,0.00,0.00,0.00,0.00,2,1,0,0,2026,NULL,1),(54,12,'RESUMEN MENSUAL',0.00,0.00,0.00,0.00,0.00,0.00,0.00,0.00,0.00,0.00,0.00,0.00,2,1,0,0,2026,NULL,1),(55,13,'RESUMEN MENSUAL',0.00,0.00,0.00,0.00,0.00,0.00,0.00,0.00,0.00,0.00,0.00,0.00,2,1,0,0,2026,NULL,1),(56,7,'LINEA PERSONAL',0.00,0.00,0.00,0.00,0.00,0.00,0.00,0.00,0.00,0.00,0.00,0.00,7,1,0,0,2026,NULL,1),(57,34,'ROXANA',0.00,0.00,0.00,0.00,0.00,0.00,0.00,0.00,0.00,0.00,0.00,0.00,4,1,1,0,2026,NULL,1),(58,18,'CELULAR A52',0.00,0.00,0.00,0.00,0.00,0.00,0.00,0.00,0.00,0.00,0.00,0.00,3,0,0,0,2026,NULL,0),(59,20,'IOL',0.00,0.00,0.00,0.00,0.00,0.00,0.00,0.00,0.00,0.00,0.00,0.00,6,0,0,1,2026,NULL,0),(60,24,'Prudential Seguros: Póliza: 1004009, N° Certificado: 87897.',0.00,0.00,0.00,0.00,0.00,0.00,0.00,0.00,0.00,0.00,0.00,0.00,3,1,1,0,2026,NULL,1),(61,28,'RESUMEN MENSUAL',0.00,0.00,0.00,0.00,0.00,0.00,0.00,0.00,0.00,0.00,0.00,0.00,3,1,1,0,2026,NULL,1),(62,29,'MEMBRESIA',0.00,0.00,0.00,0.00,0.00,0.00,0.00,0.00,0.00,0.00,0.00,0.00,2,1,0,0,2026,NULL,1),(63,30,'PLAN FAMILIAR',0.00,0.00,0.00,0.00,0.00,0.00,0.00,0.00,0.00,0.00,0.00,0.00,2,1,1,0,2026,NULL,1),(64,31,'MEMBRESIA',0.00,0.00,0.00,0.00,0.00,0.00,0.00,0.00,0.00,0.00,0.00,0.00,2,1,1,0,2026,NULL,1),(65,32,'MEMBRESIA',0.00,0.00,0.00,0.00,0.00,0.00,0.00,0.00,0.00,0.00,0.00,0.00,2,1,1,0,2026,NULL,1),(66,28,'INSTALACION',0.00,0.00,0.00,0.00,0.00,0.00,0.00,0.00,0.00,0.00,0.00,0.00,3,0,0,0,2026,NULL,0),(67,22,'2 SECCIONES X MES',0.00,0.00,0.00,0.00,0.00,0.00,0.00,0.00,0.00,0.00,0.00,0.00,2,1,1,0,2026,NULL,1),(68,4,'CARNICERIA',0.00,0.00,0.00,0.00,0.00,0.00,0.00,0.00,0.00,0.00,0.00,0.00,3,1,1,0,2026,NULL,1),(69,4,'CHINOS',0.00,0.00,0.00,0.00,0.00,0.00,0.00,0.00,0.00,0.00,0.00,0.00,3,1,1,0,2026,NULL,1),(70,4,'PERFUMERIA',0.00,0.00,0.00,0.00,0.00,0.00,0.00,0.00,0.00,0.00,0.00,0.00,3,1,0,0,2026,NULL,1),(71,4,'VERDULERIA',0.00,0.00,0.00,0.00,0.00,0.00,0.00,0.00,0.00,0.00,0.00,0.00,3,1,1,0,2026,NULL,1),(72,14,'RESUMEN MENSUAL',0.00,0.00,0.00,0.00,0.00,0.00,0.00,0.00,0.00,0.00,0.00,0.00,3,1,0,0,2026,NULL,1),(73,8,'VACACIONES',0.00,0.00,0.00,0.00,0.00,0.00,0.00,0.00,0.00,0.00,0.00,0.00,6,0,0,0,2026,NULL,0),(74,26,'4G DE PERSONAL',0.00,0.00,0.00,0.00,0.00,0.00,0.00,0.00,0.00,0.00,0.00,0.00,7,1,1,0,2026,NULL,1),(75,21,'HONORARIOS X ACUERDO TENENCIA AMK',0.00,0.00,0.00,0.00,0.00,0.00,0.00,0.00,0.00,0.00,0.00,0.00,6,0,0,0,2026,NULL,0),(76,1,'AMK COLEGIO',0.00,0.00,0.00,0.00,0.00,0.00,0.00,0.00,0.00,0.00,0.00,0.00,3,1,1,0,2026,NULL,1),(77,2,'Cuota Adelanto',0.00,0.00,0.00,0.00,0.00,0.00,0.00,0.00,0.00,0.00,0.00,0.00,4,0,0,0,2026,NULL,0),(78,35,'LUZ',0.00,0.00,0.00,0.00,0.00,0.00,0.00,0.00,0.00,0.00,0.00,0.00,2,0,0,1,2026,NULL,0),(79,8,'GASTOS PERSONALES',0.00,0.00,0.00,0.00,0.00,0.00,0.00,0.00,0.00,0.00,0.00,0.00,4,1,1,0,2026,NULL,1),(80,20,'CASA PROPIA',0.00,0.00,0.00,0.00,0.00,0.00,0.00,0.00,0.00,0.00,0.00,0.00,4,0,0,0,2026,NULL,0),(81,20,'AUTO',0.00,0.00,0.00,0.00,0.00,0.00,0.00,0.00,0.00,0.00,0.00,0.00,4,0,0,0,2026,NULL,0),(82,19,'ISTEA MATRICULA',0.00,0.00,0.00,0.00,0.00,0.00,0.00,0.00,0.00,0.00,0.00,0.00,2,0,0,0,2026,NULL,1),(83,19,'ISTEA TECNICATURA',0.00,0.00,0.00,0.00,0.00,0.00,0.00,0.00,0.00,0.00,0.00,0.00,2,0,0,1,2026,NULL,0),(84,4,'FERIA 700',0.00,0.00,0.00,0.00,0.00,0.00,0.00,0.00,0.00,0.00,0.00,0.00,3,1,1,0,2026,NULL,1),(85,3,'PASTILLAS ANTICONCEPTIVAS',0.00,0.00,0.00,0.00,0.00,0.00,0.00,0.00,0.00,0.00,0.00,0.00,2,1,1,0,2026,NULL,1),(86,1,'CUMPLEAÑOS ANA',0.00,0.00,0.00,0.00,0.00,0.00,0.00,0.00,0.00,0.00,0.00,0.00,3,0,0,0,2026,NULL,0),(87,14,'PRESTAMO',0.00,0.00,0.00,0.00,0.00,0.00,0.00,0.00,0.00,0.00,0.00,0.00,3,1,1,1,2026,NULL,1),(88,21,'CASO NERY CTA ALIMENTICIA',0.00,0.00,0.00,0.00,0.00,0.00,0.00,0.00,0.00,0.00,0.00,0.00,6,1,1,0,2026,NULL,1),(89,21,'HONORARIOS X ACUERDO CTA ALIMENTARIA 07/2025',0.00,0.00,0.00,0.00,0.00,0.00,0.00,0.00,0.00,0.00,0.00,0.00,6,1,1,0,2026,NULL,1),(90,21,'HONORARIOS X ACUERDO CTA ALIMENTARIA 07/2025 - CARATULA',0.00,0.00,0.00,0.00,0.00,0.00,0.00,0.00,0.00,0.00,0.00,0.00,6,0,0,0,2026,NULL,0),(91,8,'POWER GYM',0.00,0.00,0.00,0.00,0.00,0.00,0.00,0.00,0.00,0.00,0.00,0.00,2,0,0,0,2026,NULL,1),(92,36,'PRESTAMO [270925] $50.000',0.00,0.00,0.00,0.00,0.00,0.00,0.00,0.00,0.00,0.00,0.00,0.00,2,1,0,0,2026,NULL,1);
/*!40000 ALTER TABLE `bills` ENABLE KEYS */;
UNLOCK TABLES;

--
-- Table structure for table `cards`
--

DROP TABLE IF EXISTS `cards`;
/*!40101 SET @saved_cs_client     = @@character_set_client */;
/*!50503 SET character_set_client = utf8mb4 */;
CREATE TABLE `cards` (
  `id` int NOT NULL AUTO_INCREMENT,
  `cardname` varchar(50) DEFAULT NULL,
  `closingdate` datetime DEFAULT NULL,
  `expirationdate` datetime DEFAULT NULL,
  `entityid` int DEFAULT NULL,
  `active` tinyint(1) DEFAULT NULL,
  PRIMARY KEY (`id`),
  KEY `fk_entities_entityid_idx` (`entityid`),
  CONSTRAINT `fk_entities_entityid` FOREIGN KEY (`entityid`) REFERENCES `entities` (`id`)
) ENGINE=InnoDB AUTO_INCREMENT=7 DEFAULT CHARSET=utf8mb4 COLLATE=utf8mb4_0900_ai_ci;
/*!40101 SET character_set_client = @saved_cs_client */;

--
-- Dumping data for table `cards`
--

LOCK TABLES `cards` WRITE;
/*!40000 ALTER TABLE `cards` DISABLE KEYS */;
INSERT INTO `cards` VALUES (1,'VISA RIO','2025-11-02 00:00:00','2025-12-10 00:00:00',1,1),(2,'AMERICAN EXPRESS RIO','2025-11-02 00:00:00','2025-12-13 00:00:00',1,1),(3,'VISA NX','2025-11-27 00:00:00','2025-12-10 00:00:00',2,1),(4,'MASTER CARD NX','2025-11-27 00:00:00','2025-12-10 00:00:00',2,1),(5,'VISA VIRTUAL NX','2025-11-27 00:00:00','2025-12-10 00:00:00',2,1),(6,'MASTER CARD MC','2025-11-27 00:00:00','2025-12-10 00:00:00',3,1);
/*!40000 ALTER TABLE `cards` ENABLE KEYS */;
UNLOCK TABLES;

--
-- Table structure for table `categories`
--

DROP TABLE IF EXISTS `categories`;
/*!40101 SET @saved_cs_client     = @@character_set_client */;
/*!50503 SET character_set_client = utf8mb4 */;
CREATE TABLE `categories` (
  `id` int NOT NULL AUTO_INCREMENT,
  `category` varchar(50) DEFAULT NULL,
  PRIMARY KEY (`id`)
) ENGINE=InnoDB AUTO_INCREMENT=10 DEFAULT CHARSET=utf8mb4 COLLATE=utf8mb4_0900_ai_ci;
/*!40101 SET character_set_client = @saved_cs_client */;

--
-- Dumping data for table `categories`
--

LOCK TABLES `categories` WRITE;
/*!40000 ALTER TABLE `categories` DISABLE KEYS */;
INSERT INTO `categories` VALUES (1,'GASTOS PRIMARIOS'),(2,'GASTOS SECUNDARIOS'),(3,'EDUCACION'),(4,'FAMILIA'),(5,'INVERSIONES'),(6,'JUDICIALES'),(7,'SALUD'),(8,'PRESTAMOS'),(9,'SERVICIOS');
/*!40000 ALTER TABLE `categories` ENABLE KEYS */;
UNLOCK TABLES;

--
-- Table structure for table `creditcardspending`
--

DROP TABLE IF EXISTS `creditcardspending`;
/*!40101 SET @saved_cs_client     = @@character_set_client */;
/*!50503 SET character_set_client = utf8mb4 */;
CREATE TABLE `creditcardspending` (
  `id` int NOT NULL AUTO_INCREMENT,
  `cardsid` int DEFAULT NULL,
  `purchasingentity` varchar(100) DEFAULT NULL,
  `transactioncodeid` int DEFAULT NULL,
  `details` varchar(255) DEFAULT NULL,
  `numberinstallments` int DEFAULT NULL,
  `january` decimal(10,2) DEFAULT NULL,
  `february` decimal(10,2) DEFAULT NULL,
  `march` decimal(10,2) DEFAULT NULL,
  `april` decimal(10,2) DEFAULT NULL,
  `may` decimal(10,2) DEFAULT NULL,
  `june` decimal(10,2) DEFAULT NULL,
  `july` decimal(10,2) DEFAULT NULL,
  `august` decimal(10,2) DEFAULT NULL,
  `september` decimal(10,2) DEFAULT NULL,
  `october` decimal(10,2) DEFAULT NULL,
  `november` decimal(10,2) DEFAULT NULL,
  `december` decimal(10,2) DEFAULT NULL,
  `year` int DEFAULT NULL,
  `verified` tinyint(1) DEFAULT NULL,
  `paid` tinyint(1) DEFAULT NULL,
  PRIMARY KEY (`id`),
  KEY `fx_cardsid_cards_idx` (`cardsid`),
  KEY `fx_transactioncodeid_transactions_idx` (`transactioncodeid`),
  CONSTRAINT `fx_cardsid_cards` FOREIGN KEY (`cardsid`) REFERENCES `cards` (`id`),
  CONSTRAINT `fx_transactioncodeid_transactions` FOREIGN KEY (`transactioncodeid`) REFERENCES `transactions` (`id`)
) ENGINE=InnoDB AUTO_INCREMENT=84 DEFAULT CHARSET=utf8mb4 COLLATE=utf8mb4_0900_ai_ci;
/*!40101 SET character_set_client = @saved_cs_client */;

--
-- Dumping data for table `creditcardspending`
--

LOCK TABLES `creditcardspending` WRITE;
/*!40000 ALTER TABLE `creditcardspending` DISABLE KEYS */;
INSERT INTO `creditcardspending` VALUES (1,5,'CALL CENTER',NULL,'SEGURO CELULAR SANSUMG',12,22039.32,22039.32,22604.50,0.00,0.00,0.00,0.00,0.00,0.00,0.00,0.00,0.00,2025,1,0),(2,5,'CALL CENTER',NULL,'SEGURO CELULAR MOTOROLA POLIZA 2543576',12,20418.04,20418.04,20910.04,23177.61,23689.84,24241.06,24955.76,25788.16,26347.34,26754.45,26754.45,27226.45,2025,0,1),(3,5,'CALL CENTER',NULL,'COMISION POR MANT. DE CUENTA',12,6999.00,6999.00,6999.00,7951.14,7951.14,7951.14,7951.14,0.00,0.00,6999.00,0.00,6999.00,2025,0,1),(4,5,'CALL CENTER',NULL,'IVA IMPONIBLE',12,1469.79,1469.79,1469.79,1842.22,1730.77,1763.16,1669.74,56.13,1945.05,1857.02,1857.02,1469.79,2025,0,1),(5,5,'CALL CENTER',NULL,'IMPUESTO DE SELLOS',12,611.11,611.11,1219.44,589.99,588.43,6932.18,1103.29,596.12,5497.51,3675.58,3990.35,611.11,2025,0,1),(6,4,'MERCADO LIBRE',NULL,'2000010580517250: TALADRO + AMOLADORA',6,0.00,0.00,15373.83,15373.82,15373.82,15373.82,15373.82,15373.82,0.00,0.00,0.00,0.00,2025,1,0),(7,2,'DIA ONLINE',NULL,'COMPRAS DIA NAVIDAD',1,6412.00,0.00,0.00,0.00,0.00,0.00,0.00,0.00,0.00,0.00,0.00,0.00,2025,1,0),(8,2,'RESUMEN MENSUAL',NULL,'IMPUESTO DE SELLOS',1,2624.53,2653.05,4875.88,327.89,0.00,0.00,0.00,0.00,0.00,116.70,0.00,0.00,2025,1,0),(9,2,'MERCADO LIBRE',NULL,'2000010270122048: BATIDORA MANUAL',1,88799.00,0.00,0.00,0.00,0.00,0.00,0.00,0.00,0.00,0.00,0.00,0.00,2025,1,0),(10,2,'MERCADO LIBRE',NULL,'2000010278207488: MODEM/ROUTER 4G',1,123500.00,0.00,0.00,0.00,0.00,0.00,0.00,0.00,0.00,0.00,0.00,0.00,2025,1,0),(11,2,'MERCADO LIBRE',NULL,'2000007071957929: PINTURAS Y PINCELES',1,0.00,88554.27,0.00,0.00,0.00,0.00,0.00,0.00,0.00,0.00,0.00,0.00,2025,1,0),(12,2,'MERCADO LIBRE',NULL,'2000007026564385: MEDICINA NATUAL',1,0.00,38000.00,0.00,0.00,0.00,0.00,0.00,0.00,0.00,0.00,0.00,0.00,2025,1,0),(13,2,'MERCADO LIBRE',NULL,'2000007023925553: COOLER X2',1,0.00,37266.00,0.00,0.00,0.00,0.00,0.00,0.00,0.00,0.00,0.00,0.00,2025,1,0),(14,1,'BUSBUD ONLINE',NULL,'PASAJES IDA CASTELLI-LAS TONINAS',1,0.00,83252.36,0.00,0.00,0.00,0.00,0.00,0.00,0.00,0.00,0.00,0.00,2025,1,0),(15,1,'FERRETERIA JESUS-FERRETE',NULL,'655106',3,0.00,20397.88,20397.88,20397.88,0.00,0.00,0.00,0.00,0.00,0.00,0.00,0.00,2025,1,0),(16,1,'FERRETERIA JESUS-FERRETE',NULL,'655105',1,0.00,21400.00,0.00,0.00,0.00,0.00,0.00,0.00,0.00,0.00,0.00,0.00,2025,1,0),(17,1,'RESUMEN MENSUAL',NULL,'IMPUESTO DE SELLOS',3,0.00,1500.60,4385.87,8951.49,0.00,0.00,0.00,0.00,0.00,0.00,0.00,0.00,2025,1,0),(18,1,'PLATAFORMA10 ONLINE',NULL,'08874986: VUELTA LAS TONINAS-QUILMES [007927]',6,0.00,0.00,49700.59,49700.58,49700.58,49700.58,49700.58,49700.58,0.00,0.00,0.00,0.00,2025,1,1),(19,2,'MERCADO LIBRE',NULL,'2000010530414946: PINTURA ESMALTE SINTETICO',3,16324.53,16324.53,16324.53,0.00,0.00,0.00,0.00,0.00,0.00,0.00,0.00,0.00,2025,1,0),(20,3,'MERCADO LIBRE',NULL,'2000010635616356: TECLADO INHALAMBRICO K400',1,0.00,0.00,34094.00,0.00,0.00,0.00,0.00,0.00,0.00,0.00,0.00,0.00,2025,1,0),(21,2,'MERCADO LIBRE',NULL,'2000010637073378: FREEZER',1,0.00,25000.00,389999.00,0.00,0.00,0.00,0.00,0.00,0.00,0.00,0.00,0.00,2025,1,0),(22,2,'MERCADO LIBRE',NULL,'2000010571505922: PISTOLA DE PINTAR ELECTRICA',1,0.00,40942.85,0.00,0.00,0.00,0.00,0.00,0.00,0.00,0.00,0.00,0.00,2025,1,0),(23,1,'PARRILLA SAN MIGUEL',NULL,'VACACIONES CHICOS [001183]',1,0.00,0.00,0.00,104600.00,0.00,0.00,0.00,0.00,0.00,0.00,0.00,0.00,2025,1,0),(24,1,'DEPORT SHOW JUNIOR',NULL,'ROPA INTERIOR Y REMERA SIMON [212543]',3,0.00,0.00,20077.00,20077.00,20077.00,0.00,0.00,0.00,0.00,0.00,0.00,0.00,2025,1,0),(25,1,'TOSTADO',NULL,'001921: SALIDITA CON MI AMOR',1,0.00,0.00,26600.00,0.00,0.00,0.00,0.00,0.00,0.00,0.00,0.00,0.00,2025,1,0),(26,1,'MAFALDA',NULL,'SALIDA SAN VALENTIN [341312]',3,0.00,0.00,17066.68,17066.66,17066.68,0.00,0.00,0.00,0.00,0.00,0.00,0.00,2025,1,0),(27,6,'MERCADO LIBRE',NULL,'2000007187629879: REPOSERAS',3,0.00,0.00,29652.43,29652.43,29652.43,0.00,0.00,0.00,0.00,0.00,0.00,0.00,2025,1,1),(28,1,'PLATAFORMA10',NULL,'PASAJES IDA SANTA TERESITA [009426]',3,0.00,0.00,99786.19,99786.19,99786.17,0.00,0.00,0.00,0.00,0.00,0.00,0.00,2025,1,0),(29,1,'PLATAFORMA10',NULL,'PASAJES REGRESO A SAN JUSTO [009461]',3,0.00,0.00,78860.62,78860.62,78860.62,0.00,0.00,0.00,0.00,0.00,0.00,0.00,2025,1,0),(30,1,'SAMBUSETTI AHUMADOS',NULL,'SALIDA CON MI AMOR',1,0.00,0.00,53000.00,0.00,0.00,0.00,0.00,0.00,0.00,0.00,0.00,0.00,2025,1,0),(31,5,'CALL CENTER',NULL,'*INTERES POR MORA CONSUMOS EN PESOS',12,0.00,0.00,139.53,821.30,290.66,444.86,0.00,267.30,419.18,0.00,0.00,0.00,2025,0,1),(32,1,'Merpago*ramos',NULL,'VACACIONES CHICOS [583248]',1,0.00,0.00,0.00,25000.00,0.00,0.00,0.00,0.00,0.00,0.00,0.00,0.00,2025,1,0),(33,1,'BAMBOCHA BOWLING',NULL,'VACACIONES CHICOS [843515]',1,0.00,0.00,0.00,75500.00,0.00,0.00,0.00,0.00,0.00,0.00,0.00,0.00,2025,1,0),(34,1,'LA MARTU',NULL,'VACACIONES CHICOS [007129]',1,0.00,0.00,0.00,46920.00,0.00,0.00,0.00,0.00,0.00,0.00,0.00,0.00,2025,1,0),(35,2,'Casa Rocha Principal',NULL,'VACACIONES CHICOS',3,0.00,0.00,0.00,11000.00,11000.00,11000.00,0.00,0.00,0.00,0.00,0.00,0.00,2025,1,0),(36,2,'Casa Pichon',NULL,'COLCHON 2 1/2 PLAZAS',3,0.00,0.00,0.00,0.00,97666.68,97666.66,97666.66,0.00,0.00,0.00,0.00,0.00,2025,1,0),(37,2,'MERCADO LIBRE',NULL,'2000010530414946: Esmalte Sintético Aike Brillante Negro X4 Lts + Convertidor',3,0.00,16324.52,16324.52,16324.52,0.00,0.00,0.00,0.00,0.00,0.00,0.00,0.00,2025,1,0),(38,1,'Merpago*facundo',NULL,'VACACIONES CHICOS [004368]',3,0.00,0.00,0.00,42058.95,42058.95,42058.95,0.00,0.00,0.00,0.00,0.00,0.00,2025,1,0),(39,1,'MERCADO LIBRE',NULL,'2000007434548359: Juego De Sábanas Lisa Casatex 1 1/2 Plaza [221429]',1,0.00,0.00,0.00,140000.00,0.00,0.00,0.00,0.00,0.00,0.00,0.00,0.00,2025,1,0),(40,1,'MERCADO LIBRE',NULL,'2000007434713123: Cover Cubrecama Linea Colors Verano Reversible Liso 1 1/2 Pz [292937]',3,0.00,0.00,0.00,25900.00,25900.00,25900.00,0.00,0.00,0.00,0.00,0.00,0.00,2025,1,0),(41,3,'MERCADO LIBRE',NULL,'2000009118587271: Banqueta Camillas Reeducar Malvinas Color Negro de 53cm de Alto []',6,0.00,0.00,0.00,0.00,0.00,0.00,0.00,0.00,0.00,23710.72,13385.39,23710.72,2025,0,1),(42,1,'Broken',NULL,'ZAPATOS [00139567]',3,0.00,0.00,0.00,0.00,38633.34,38633.34,38633.33,0.00,0.00,0.00,0.00,0.00,2025,1,1),(43,1,'Azurro',NULL,'BUZO SIMON [00009057]',3,0.00,0.00,0.00,0.00,12000.00,12000.00,12000.00,0.00,0.00,0.00,0.00,0.00,2025,1,1),(44,1,'Matakos',NULL,'CHALECO Y CORBATA [00001086]',3,0.00,0.00,0.00,0.00,18333.34,18333.34,18333.33,63.00,0.00,0.00,0.00,0.00,2025,1,0),(45,5,'MERCADO LIBRE',NULL,'2000007740721065: Bafle Activo Lexsen X5 Con Bluetooth Tws Fx 150w Rms Color Negro GRUPOMAGASRL',1,0.00,0.00,0.00,0.00,0.00,267550.00,0.00,0.00,0.00,0.00,0.00,0.00,2025,1,0),(46,5,'MERCADO LIBRE',NULL,'2000007776619529: Combo Luces Dj Iluminación Bola Led Mini Láser Audiorítmico - LASER-WORLDNET',1,0.00,0.00,0.00,0.00,0.00,49980.00,0.00,0.00,0.00,0.00,0.00,0.00,2025,1,0),(47,2,'CHANGO MAS',NULL,'7265261701: Merpago*prontotec [00409301]',1,0.00,0.00,0.00,0.00,0.00,119999.00,0.00,0.00,0.00,0.00,0.00,0.00,2025,1,0),(48,1,'MERCADO LIBRE',NULL,'2000011345127734: Silla Gamer Alpina Ergonómica Giratoria Reclinable ft-088 [227961] (CANCELADO)',1,0.00,0.00,0.00,0.00,159798.00,0.00,0.00,0.00,0.00,0.00,0.00,0.00,2025,1,0),(49,1,'MERCADO LIBRE',NULL,'2000007653580187: Sillón Gamer Ergonómico Masajeador Apoya Pie Silla Reclinabl [223694]',1,0.00,0.00,0.00,0.00,164999.25,0.00,0.00,0.00,0.00,0.00,0.00,0.00,2025,1,0),(50,1,'CHANGO MAS',NULL,'Hiper Changomas [348440]',3,0.00,0.00,0.00,0.00,0.00,63696.81,63696.80,63696.80,0.00,0.00,0.00,0.00,2025,1,1),(51,1,'ROPA ANABELA',NULL,'La Botica G Catan [009141]',3,0.00,0.00,0.00,0.00,0.00,17000.00,17000.00,17000.00,0.00,0.00,0.00,0.00,2025,1,1),(52,2,'MERCADO LIBRE',NULL,'2000007957941161: PC + MONITOR [323302]',1,0.00,0.00,0.00,0.00,0.00,579896.00,0.00,0.00,0.00,0.00,0.00,0.00,2025,1,0),(53,5,'SHEIN COM',NULL,'GSH12E102000FBF: PANTALONES VARIOS',1,0.00,0.00,0.00,0.00,0.00,77145.00,0.00,0.00,0.00,0.00,0.00,0.00,2025,1,0),(54,5,'SHEIN COM',NULL,'GSH12E101000C0B: ROPA INTERIO + BUZOS + REMERAS',1,0.00,0.00,0.00,0.00,0.00,133233.00,0.00,0.00,0.00,0.00,0.00,0.00,2025,1,0),(55,1,'MERCADO LIBRE',NULL,'2000008069113185: Portaretrato Cuadro Marco Foto 20x25 De Apoyar O Colgar Vgo Color Blanco [409166]',1,0.00,0.00,0.00,0.00,0.00,0.00,42264.50,0.00,0.00,0.00,0.00,0.00,2025,1,0),(56,1,'MERCADO LIBRE',NULL,'2000011933242212: Desayuno Domicilio!! Zona Sur - REGALO NERY [76885]',3,0.00,0.00,0.00,0.00,0.00,0.00,10666.68,10666.66,10666.68,0.00,0.00,0.00,2025,1,0),(57,5,'CALL CENTER',NULL,'SEGURO CELULAR ZTE POLIZA 2598483',12,0.00,0.00,0.00,0.00,0.00,0.00,7999.00,8191.46,8316.71,0.00,8617.69,0.00,2025,0,1),(58,4,'TEMU COM',NULL,'PO-009-04214870615672636: HERRAMIENTAS VARIAS',1,0.00,0.00,0.00,0.00,0.00,0.00,33990.00,0.00,0.00,0.00,0.00,0.00,2025,1,0),(59,1,'IMPUESTO AL CHEQUE',NULL,'Impuesto De Sellos $',12,0.00,0.00,0.00,0.00,0.00,0.00,3027.54,0.00,0.00,0.00,0.00,0.00,2025,0,0),(60,2,'IMPUESTO AL SELLO',NULL,'Impuesto De Sellos $',3,0.00,0.00,0.00,0.00,0.00,0.00,1184.26,0.00,0.00,384.21,0.00,0.00,2025,0,0),(61,2,'IMPUESTO FINANCIACION',NULL,'Intereses Financiacion $',3,0.00,0.00,0.00,0.00,0.00,0.00,844.22,0.00,0.00,0.00,0.00,0.00,2025,0,0),(62,2,'DB IVA',NULL,'Db Iva $ 21% 844,22',3,0.00,0.00,0.00,0.00,0.00,0.00,177.29,0.00,0.00,0.00,0.00,0.00,2025,0,0),(63,4,'DIP',NULL,'Dlp',1,0.00,0.00,0.00,0.00,0.00,0.00,0.00,0.00,60195.00,0.00,0.00,0.00,2025,1,1),(64,4,'BUSBUD ONLINE',NULL,'PASAJES VUELTA CHASCOMUS-QUILMES [4333647]',1,0.00,0.00,0.00,0.00,0.00,0.00,0.00,0.00,30919.18,0.00,0.00,0.00,2025,1,1),(65,4,'TRENES ARGENTINOS',NULL,'PASAJES IDA CONSTITUCION-CHASCOMUS [390620]',1,0.00,0.00,0.00,0.00,0.00,0.00,0.00,0.00,13140.00,0.00,0.00,0.00,2025,1,1),(66,4,'TIENDA SANA',NULL,'Tienda Sana [6585]',1,0.00,0.00,0.00,0.00,0.00,0.00,0.00,0.00,61000.00,0.00,0.00,0.00,2025,1,1),(67,4,'ISTEA',NULL,'CUOTA UNIVERSITARIA [871333]',1,0.00,0.00,0.00,0.00,0.00,0.00,0.00,0.00,247000.00,0.00,0.00,0.00,2025,1,1),(68,4,'ISTEA',NULL,'CUOTA UNIVERSITARIA [152103]',1,0.00,0.00,0.00,0.00,0.00,0.00,0.00,0.00,0.00,247000.00,0.00,0.00,2025,1,1),(69,5,'CALL CENTER',NULL,'PLAN TURBO',12,0.00,0.00,0.00,0.00,0.00,0.00,0.00,0.00,8842.97,8842.97,8842.97,8842.97,2025,0,1),(70,1,'MERCADO LIBRE',NULL,'2000012938250716: Impresora multifunción a color Blanco HP Smart Tank 580 con wifi 1F3Y2A [00681640]',1,0.00,0.00,0.00,0.00,0.00,0.00,0.00,0.00,0.00,306423.00,0.00,0.00,2025,0,1),(71,1,'MERCADO LIBRE',NULL,'Merpago*panaderiadelaflut [00019159]',1,0.00,0.00,0.00,0.00,0.00,0.00,0.00,0.00,0.00,36000.00,0.00,0.00,2025,1,0),(72,4,'DEXTER',NULL,'ZAPATILLAS 216-DX QUILMES DEXTER [2834]',5,0.00,0.00,0.00,0.00,0.00,0.00,0.00,0.00,0.00,0.00,25599.42,25599.42,2025,0,1),(73,4,'ISTEA',NULL,'CUOTA UNIVERSITARIA [818298]',1,0.00,0.00,0.00,0.00,0.00,0.00,0.00,0.00,0.00,0.00,247000.00,0.00,2025,1,0),(74,2,'Wargamingna Usd 22,78 690073e',NULL,'Db.rg 5617 30% ( 32415,94 )',1,0.00,0.00,0.00,0.00,0.00,0.00,0.00,0.00,0.00,9724.78,0.00,0.00,2025,1,0),(75,2,'Wargamingna Usd 22,78 690073e',NULL,'Tienda Online',1,0.00,0.00,0.00,0.00,0.00,0.00,0.00,0.00,0.00,30000.00,0.00,0.00,2025,1,0),(76,2,'MERCADO LIBRE',NULL,'2000009885111963:  HELADERA + TV 43',6,0.00,0.00,0.00,0.00,0.00,0.00,0.00,0.00,0.00,0.00,0.00,229746.69,2025,0,1),(77,5,'SHEIN COM',NULL,'GSH14E10W0003PQ: VESTIDO ANA + ARTICULOS DE PESCA + VARIOS',1,0.00,0.00,0.00,0.00,0.00,0.00,0.00,0.00,0.00,0.00,0.00,70400.00,2025,0,1),(78,2,'MERCADO LIBRE',NULL,'2000009895420547: PLACA VIDEO + CARG. Y PILAS RECARG + TERMOFUSORA, CIERRA Y MECHA TALADRO',1,0.00,0.00,0.00,0.00,0.00,0.00,0.00,0.00,0.00,0.00,0.00,300530.76,2025,0,1),(79,4,'ISTEA',NULL,'CUOTA UNIVERSITARIA [244445]',0,0.00,0.00,0.00,0.00,0.00,0.00,0.00,0.00,0.00,0.00,0.00,251094.00,2025,0,1),(80,3,'CHANGOMAS - SAN JUSTO',NULL,'ROPA ANABELA [3586]',1,0.00,0.00,0.00,0.00,0.00,0.00,0.00,0.00,0.00,0.00,0.00,103943.60,2025,0,1),(81,3,'EASY - SAN JUSTO',NULL,'COSAS DE LA CASA, GRIFERIA, DUCHA Y CAÑOS.',1,0.00,0.00,0.00,0.00,0.00,0.00,0.00,0.00,0.00,0.00,0.00,143900.00,2025,0,1),(82,1,'FERRETERIA JESUS-FERRETE',NULL,'TAPON DE CAÑO + CIERRA DISCO [00981856]',1,0.00,0.00,0.00,0.00,0.00,0.00,0.00,0.00,0.00,0.00,0.00,12200.00,2025,0,1),(83,1,'PVS-RESTAURANTE MADAGASCAR - SAN JUSTO',NULL,'ALMUERZO CON ANABELA [00009364]',1,0.00,0.00,0.00,0.00,0.00,0.00,0.00,0.00,0.00,0.00,0.00,37000.00,2025,0,0);
/*!40000 ALTER TABLE `creditcardspending` ENABLE KEYS */;
UNLOCK TABLES;

--
-- Table structure for table `entities`
--

DROP TABLE IF EXISTS `entities`;
/*!40101 SET @saved_cs_client     = @@character_set_client */;
/*!50503 SET character_set_client = utf8mb4 */;
CREATE TABLE `entities` (
  `id` int NOT NULL AUTO_INCREMENT,
  `entity` varchar(100) DEFAULT NULL,
  `entitytype` varchar(45) DEFAULT NULL,
  PRIMARY KEY (`id`)
) ENGINE=InnoDB AUTO_INCREMENT=8 DEFAULT CHARSET=utf8mb4 COLLATE=utf8mb4_0900_ai_ci;
/*!40101 SET character_set_client = @saved_cs_client */;

--
-- Dumping data for table `entities`
--

LOCK TABLES `entities` WRITE;
/*!40000 ALTER TABLE `entities` DISABLE KEYS */;
INSERT INTO `entities` VALUES (1,'SANTANDER RIO','RIO'),(2,'NARANJA X','NX'),(3,'MERCADO PAGO/CREDITO','MP'),(4,'UALA','UA'),(5,'SATOSHITANGO','ST'),(6,'IOL','IOL'),(7,'PERSONAL PLAY','PPY');
/*!40000 ALTER TABLE `entities` ENABLE KEYS */;
UNLOCK TABLES;

--
-- Table structure for table `income`
--

DROP TABLE IF EXISTS `income`;
/*!40101 SET @saved_cs_client     = @@character_set_client */;
/*!50503 SET character_set_client = utf8mb4 */;
CREATE TABLE `income` (
  `id` int NOT NULL AUTO_INCREMENT,
  `incomedetailsid` int DEFAULT NULL,
  `january` decimal(10,2) DEFAULT NULL,
  `february` decimal(10,2) DEFAULT NULL,
  `march` decimal(10,2) DEFAULT NULL,
  `april` decimal(10,2) DEFAULT NULL,
  `may` decimal(10,2) DEFAULT NULL,
  `june` decimal(10,2) DEFAULT NULL,
  `july` decimal(10,2) DEFAULT NULL,
  `august` decimal(10,2) DEFAULT NULL,
  `september` decimal(10,2) DEFAULT NULL,
  `october` decimal(10,2) DEFAULT NULL,
  `november` decimal(10,2) DEFAULT NULL,
  `december` decimal(10,2) DEFAULT NULL,
  `year` int DEFAULT NULL,
  PRIMARY KEY (`id`),
  KEY `fk_incomedetails_incomedetails_idx` (`incomedetailsid`),
  CONSTRAINT `fk_incomedetails_incomedetails` FOREIGN KEY (`incomedetailsid`) REFERENCES `incomedetails` (`id`)
) ENGINE=InnoDB AUTO_INCREMENT=73 DEFAULT CHARSET=utf8mb4 COLLATE=utf8mb4_0900_ai_ci;
/*!40101 SET character_set_client = @saved_cs_client */;

--
-- Dumping data for table `income`
--

LOCK TABLES `income` WRITE;
/*!40000 ALTER TABLE `income` DISABLE KEYS */;
INSERT INTO `income` VALUES (1,1,795958.90,861797.20,919283.20,973091.90,1004917.10,1043296.10,1077159.41,1158031.60,1169385.80,1180738.90,1180738.90,1180738.90,2025),(2,2,1201109.34,1201109.34,1201109.34,1201109.34,1201109.34,1201109.34,1357418.27,1271572.39,1350729.57,1338695.29,1338695.29,1338695.29,2025),(3,4,36637.18,36637.18,36637.18,36637.18,36637.18,36637.18,36637.18,36637.18,36637.18,36637.18,36637.18,36637.18,2025),(4,9,39797.95,43089.86,45964.16,58385.51,60295.03,62597.77,64629.56,69481.90,70163.15,70844.33,70844.33,70844.33,2025),(5,16,172791.95,203550.19,183582.82,189101.99,191913.22,195303.37,211320.37,211310.26,227666.03,218909.64,218909.64,218909.64,2025),(6,17,-247092.49,-291076.77,-262523.44,-270415.85,-274435.91,-279283.81,-302188.13,-302173.67,-325562.42,-313040.79,-313040.79,-313040.79,2025),(7,19,-67388.86,-79384.57,-71597.30,-73749.78,-74846.16,-76168.31,-82414.94,-82411.00,-88789.75,-85374.76,-85374.76,-85374.76,2025),(8,20,-75172.14,-86641.63,-76984.83,-77334.91,-77334.91,-77334.90,-82414.94,-83789.00,-90167.75,-86752.76,-86752.76,-86752.76,2025),(9,23,-50114.76,-57761.09,-51323.22,-51556.61,-51556.61,-51556.60,-54943.30,-55859.33,-60111.83,-57835.17,-57835.17,-57835.17,2025),(10,24,-12528.69,-14440.27,-12830.81,-12889.15,-12889.15,-12889.15,-13735.83,-13964.83,-15027.96,-14458.79,-14458.79,-14458.79,2025),(11,25,-100.00,-100.00,-100.00,-100.00,-100.00,-100.00,-100.00,-100.00,-100.00,-100.00,-100.00,-100.00,2025),(12,26,-410668.18,-311040.00,-311040.00,-311040.00,-373248.00,-416099.47,-597069.27,-608760.58,-654974.63,-630233.03,-630233.03,-630233.03,2025),(13,36,228081.34,197356.59,157876.37,104067.79,72242.41,33863.31,0.00,0.00,0.00,0.00,0.00,0.00,2025),(14,37,11404.07,9867.83,7893.82,6244.07,4334.54,2031.80,0.00,2400.00,2400.00,2400.00,2400.00,2400.00,2025),(15,38,19957.12,17268.70,13814.18,9192.66,6381.41,2991.26,0.00,3533.33,3533.33,3533.33,3533.33,3533.33,2025),(16,46,49889.02,0.00,55591.68,0.00,0.00,0.00,0.00,0.00,0.00,0.00,0.00,0.00,2025),(17,47,0.00,362389.06,0.00,0.00,0.00,0.00,0.00,0.00,0.00,0.00,0.00,0.00,2025),(18,12,0.00,1799812.21,0.00,0.00,0.00,0.00,0.00,0.00,0.00,0.00,0.00,0.00,2025),(19,13,0.00,-1499843.51,0.00,0.00,0.00,0.00,0.00,0.00,0.00,0.00,0.00,0.00,2025),(20,48,0.00,99628.18,0.00,0.00,0.00,0.00,0.00,0.00,0.00,0.00,0.00,0.00,2025),(21,35,0.00,17408.68,0.00,0.00,0.00,0.00,0.00,0.00,0.00,0.00,0.00,0.00,2025),(22,45,0.00,-40810.43,0.00,0.00,0.00,0.00,0.00,0.00,0.00,0.00,0.00,0.00,2025),(23,49,0.00,239307.23,459938.00,285929.55,0.00,0.00,75000.00,293076.00,235800.00,0.00,0.00,0.00,2025),(24,50,0.00,0.00,128522.34,0.00,700000.00,0.00,0.00,247000.00,0.00,0.00,0.00,0.00,2025),(25,51,0.00,0.00,58051.02,0.00,300000.00,0.00,0.00,0.00,0.00,0.00,0.00,0.00,2025),(26,31,0.00,0.00,0.00,33471.21,0.00,0.00,0.00,0.00,0.00,0.00,0.00,0.00,2025),(27,11,0.00,0.00,0.00,0.00,1323076.24,0.00,0.00,0.00,0.00,0.00,800000.00,0.00,2025),(28,18,0.00,0.00,0.00,0.00,-145538.39,0.00,0.00,0.00,0.00,0.00,0.00,0.00,2025),(29,21,0.00,0.00,0.00,0.00,-39692.29,0.00,0.00,0.00,0.00,0.00,0.00,0.00,2025),(30,22,0.00,0.00,0.00,0.00,-43583.93,0.00,0.00,0.00,0.00,0.00,0.00,0.00,2025),(31,23,0.00,0.00,0.00,0.00,-29055.95,0.00,0.00,0.00,0.00,0.00,0.00,0.00,2025),(32,24,0.00,0.00,0.00,0.00,-7263.99,0.00,0.00,0.00,0.00,0.00,0.00,0.00,2025),(33,26,0.00,0.00,0.00,0.00,-237532.59,0.00,0.00,0.00,0.00,0.00,0.00,0.00,2025),(34,40,0.00,0.00,0.00,0.00,129721.27,0.00,0.00,0.00,0.00,0.00,0.00,0.00,2025),(35,44,0.00,0.00,0.00,0.00,0.00,0.00,0.00,40000.00,40000.00,40000.00,40000.00,40000.00,2025),(36,3,0.00,0.00,0.00,0.00,0.00,0.00,0.00,0.00,105076.63,0.00,0.00,0.00,2025),(37,1,0.00,0.00,0.00,0.00,0.00,0.00,0.00,0.00,0.00,0.00,0.00,0.00,2026),(38,2,0.00,0.00,0.00,0.00,0.00,0.00,0.00,0.00,0.00,0.00,0.00,0.00,2026),(39,4,0.00,0.00,0.00,0.00,0.00,0.00,0.00,0.00,0.00,0.00,0.00,0.00,2026),(40,9,0.00,0.00,0.00,0.00,0.00,0.00,0.00,0.00,0.00,0.00,0.00,0.00,2026),(41,16,0.00,0.00,0.00,0.00,0.00,0.00,0.00,0.00,0.00,0.00,0.00,0.00,2026),(42,17,0.00,0.00,0.00,0.00,0.00,0.00,0.00,0.00,0.00,0.00,0.00,0.00,2026),(43,19,0.00,0.00,0.00,0.00,0.00,0.00,0.00,0.00,0.00,0.00,0.00,0.00,2026),(44,20,0.00,0.00,0.00,0.00,0.00,0.00,0.00,0.00,0.00,0.00,0.00,0.00,2026),(45,23,0.00,0.00,0.00,0.00,0.00,0.00,0.00,0.00,0.00,0.00,0.00,0.00,2026),(46,24,0.00,0.00,0.00,0.00,0.00,0.00,0.00,0.00,0.00,0.00,0.00,0.00,2026),(47,25,0.00,0.00,0.00,0.00,0.00,0.00,0.00,0.00,0.00,0.00,0.00,0.00,2026),(48,26,0.00,0.00,0.00,0.00,0.00,0.00,0.00,0.00,0.00,0.00,0.00,0.00,2026),(49,36,0.00,0.00,0.00,0.00,0.00,0.00,0.00,0.00,0.00,0.00,0.00,0.00,2026),(50,37,0.00,0.00,0.00,0.00,0.00,0.00,0.00,0.00,0.00,0.00,0.00,0.00,2026),(51,38,0.00,0.00,0.00,0.00,0.00,0.00,0.00,0.00,0.00,0.00,0.00,0.00,2026),(52,46,0.00,0.00,0.00,0.00,0.00,0.00,0.00,0.00,0.00,0.00,0.00,0.00,2026),(53,47,0.00,0.00,0.00,0.00,0.00,0.00,0.00,0.00,0.00,0.00,0.00,0.00,2026),(54,12,0.00,0.00,0.00,0.00,0.00,0.00,0.00,0.00,0.00,0.00,0.00,0.00,2026),(55,13,0.00,0.00,0.00,0.00,0.00,0.00,0.00,0.00,0.00,0.00,0.00,0.00,2026),(56,48,0.00,0.00,0.00,0.00,0.00,0.00,0.00,0.00,0.00,0.00,0.00,0.00,2026),(57,35,0.00,0.00,0.00,0.00,0.00,0.00,0.00,0.00,0.00,0.00,0.00,0.00,2026),(58,45,0.00,0.00,0.00,0.00,0.00,0.00,0.00,0.00,0.00,0.00,0.00,0.00,2026),(59,49,0.00,0.00,0.00,0.00,0.00,0.00,0.00,0.00,0.00,0.00,0.00,0.00,2026),(60,50,0.00,0.00,0.00,0.00,0.00,0.00,0.00,0.00,0.00,0.00,0.00,0.00,2026),(61,51,0.00,0.00,0.00,0.00,0.00,0.00,0.00,0.00,0.00,0.00,0.00,0.00,2026),(62,31,0.00,0.00,0.00,0.00,0.00,0.00,0.00,0.00,0.00,0.00,0.00,0.00,2026),(63,11,0.00,0.00,0.00,0.00,0.00,0.00,0.00,0.00,0.00,0.00,0.00,0.00,2026),(64,18,0.00,0.00,0.00,0.00,0.00,0.00,0.00,0.00,0.00,0.00,0.00,0.00,2026),(65,21,0.00,0.00,0.00,0.00,0.00,0.00,0.00,0.00,0.00,0.00,0.00,0.00,2026),(66,22,0.00,0.00,0.00,0.00,0.00,0.00,0.00,0.00,0.00,0.00,0.00,0.00,2026),(67,23,0.00,0.00,0.00,0.00,0.00,0.00,0.00,0.00,0.00,0.00,0.00,0.00,2026),(68,24,0.00,0.00,0.00,0.00,0.00,0.00,0.00,0.00,0.00,0.00,0.00,0.00,2026),(69,26,0.00,0.00,0.00,0.00,0.00,0.00,0.00,0.00,0.00,0.00,0.00,0.00,2026),(70,40,0.00,0.00,0.00,0.00,0.00,0.00,0.00,0.00,0.00,0.00,0.00,0.00,2026),(71,44,0.00,0.00,0.00,0.00,0.00,0.00,0.00,0.00,0.00,0.00,0.00,0.00,2026),(72,3,0.00,0.00,0.00,0.00,0.00,0.00,0.00,0.00,0.00,0.00,0.00,0.00,2026);
/*!40000 ALTER TABLE `income` ENABLE KEYS */;
UNLOCK TABLES;

--
-- Table structure for table `incomedetails`
--

DROP TABLE IF EXISTS `incomedetails`;
/*!40101 SET @saved_cs_client     = @@character_set_client */;
/*!50503 SET character_set_client = utf8mb4 */;
CREATE TABLE `incomedetails` (
  `id` int NOT NULL AUTO_INCREMENT,
  `code` int DEFAULT NULL,
  `detail` varchar(150) DEFAULT NULL,
  PRIMARY KEY (`id`)
) ENGINE=InnoDB AUTO_INCREMENT=52 DEFAULT CHARSET=utf8mb4 COLLATE=utf8mb4_0900_ai_ci;
/*!40101 SET character_set_client = @saved_cs_client */;

--
-- Dumping data for table `incomedetails`
--

LOCK TABLES `incomedetails` WRITE;
/*!40000 ALTER TABLE `incomedetails` DISABLE KEYS */;
INSERT INTO `incomedetails` VALUES (1,1,'SUELDO BASICO'),(2,4,'A CTA. DE FUTUROS AUMENTOS'),(3,13,'ART. 76 CCT 130/75'),(4,14,'ADICIONAL EMPRESA'),(5,20,'INCREMENTO SALARIAL - ACUERDO 2021'),(6,22,'ACUERDO 10-2020'),(7,37,'INCREMENTO SOLIDARIO.'),(8,38,'ACUERDO 2019-20'),(9,39,'ANTIGUEDAD'),(10,40,'DIAS NO TRABAJADOS INGRESO'),(11,79,'AGUINALDO'),(12,80,'VACACIONES'),(13,120,'DIAS VACACIONES S/BASICO'),(14,192,'AJUSTE AGUINALDO'),(15,197,'ADIC. ART.1° ACUERDO 07/10/2020'),(16,199,'PRESENTISMO'),(17,200,'JUBILACIÓN'),(18,201,'JUBILACIÓN (SAC)'),(19,203,'LEY NO. 19032'),(20,204,'OBRA SOCIAL'),(21,213,'LEY NO.19032 -SAC'),(22,214,'OBRA SOCIAL - SAC'),(23,215,'RETENCIÓN SINDICATO'),(24,216,'FAECYS'),(25,221,'APORTE EXTRAORDINARIO OS'),(26,229,'CUOTA ALIMENTARIA'),(27,245,'DESC. CLASES DE INGLES'),(28,246,'ANTICIPO DE SUELDO.'),(29,250,'AJUSTE IG AÑO ANTERIOR'),(30,251,'IMPUESTO A LAS GANANCIAS.'),(31,467,'AJUSTE IIGG.'),(32,468,'EXENCION IMP A LAS GCIAS 1° SAC 2023.'),(33,600,'ASIGNACION ACUERDO 05-2019'),(34,602,'ASIGNACION PRESENTISMO 05-2019'),(35,605,'AJUSTE - ACUERDO NO REMUNERATIVO.'),(36,609,'ACUERDO NO REMUNERATIVO.'),(37,610,'ANTIGUEDAD / ACUERDO.'),(38,611,'PRESENTIMOS SOBRE ACUERDO.'),(39,612,'AJUSTE - ACUERDO NO REMUNERATIVO.'),(40,614,'SAC S/ ACUERDO.'),(41,624,'INC NO REM - AC COMPLEMENTARIO ENERO2022'),(42,625,'INC. NO REMUNERATIVO - ACUERDO 2022'),(43,626,'AJUSTE RTR -INC. NO REM - ACUERDO 2022'),(44,630,'SUMA FIJA NO REMUNERATIVA'),(45,900,'RETENCIÓN IMP. GANANCIAS'),(46,901,'DEVOLUCIÓN IMP. GANACIAS'),(47,227,'DEVOLUCIÓN - CUOTA ALIMENTARIA'),(48,228,'AJUSTE - CUOTA ALIMENTARIA'),(49,1000,'PAYONNER'),(50,1001,'OTROS (SIN CALCULAR)'),(51,1002,'INVERSIONES');
/*!40000 ALTER TABLE `incomedetails` ENABLE KEYS */;
UNLOCK TABLES;

--
-- Table structure for table `orderdetails`
--

DROP TABLE IF EXISTS `orderdetails`;
/*!40101 SET @saved_cs_client     = @@character_set_client */;
/*!50503 SET character_set_client = utf8mb4 */;
CREATE TABLE `orderdetails` (
  `id` int NOT NULL AUTO_INCREMENT,
  `ordersid` int DEFAULT NULL,
  `brand` varchar(45) DEFAULT NULL,
  `productdetails` varchar(200) DEFAULT NULL,
  `description` varchar(200) DEFAULT NULL,
  `productcode` varchar(45) DEFAULT NULL,
  `quantity` int DEFAULT NULL,
  `unitprice` decimal(10,2) DEFAULT NULL,
  `subtotal` decimal(10,2) DEFAULT NULL,
  `to` varchar(45) DEFAULT NULL,
  `status` varchar(45) DEFAULT NULL,
  PRIMARY KEY (`id`),
  KEY `fx_ordersid_orders_idx` (`ordersid`),
  CONSTRAINT `fx_ordersid_orders` FOREIGN KEY (`ordersid`) REFERENCES `orders` (`id`)
) ENGINE=InnoDB DEFAULT CHARSET=utf8mb4 COLLATE=utf8mb4_0900_ai_ci;
/*!40101 SET character_set_client = @saved_cs_client */;

--
-- Dumping data for table `orderdetails`
--

LOCK TABLES `orderdetails` WRITE;
/*!40000 ALTER TABLE `orderdetails` DISABLE KEYS */;
/*!40000 ALTER TABLE `orderdetails` ENABLE KEYS */;
UNLOCK TABLES;

--
-- Table structure for table `orders`
--

DROP TABLE IF EXISTS `orders`;
/*!40101 SET @saved_cs_client     = @@character_set_client */;
/*!50503 SET character_set_client = utf8mb4 */;
CREATE TABLE `orders` (
  `id` int NOT NULL AUTO_INCREMENT,
  `number` int DEFAULT NULL,
  `orderdate` datetime DEFAULT NULL,
  `datereceived` datetime DEFAULT NULL,
  `totalamount` decimal(10,2) DEFAULT NULL,
  `resourcetype` varchar(45) DEFAULT NULL,
  `status` varchar(45) DEFAULT NULL,
  PRIMARY KEY (`id`)
) ENGINE=InnoDB DEFAULT CHARSET=utf8mb4 COLLATE=utf8mb4_0900_ai_ci;
/*!40101 SET character_set_client = @saved_cs_client */;

--
-- Dumping data for table `orders`
--

LOCK TABLES `orders` WRITE;
/*!40000 ALTER TABLE `orders` DISABLE KEYS */;
/*!40000 ALTER TABLE `orders` ENABLE KEYS */;
UNLOCK TABLES;

--
-- Table structure for table `services`
--

DROP TABLE IF EXISTS `services`;
/*!40101 SET @saved_cs_client     = @@character_set_client */;
/*!50503 SET character_set_client = utf8mb4 */;
CREATE TABLE `services` (
  `id` int NOT NULL AUTO_INCREMENT,
  `servicename` varchar(100) DEFAULT NULL,
  `unit` int DEFAULT NULL,
  `amount` decimal(10,2) DEFAULT NULL,
  `validity` datetime DEFAULT NULL,
  PRIMARY KEY (`id`)
) ENGINE=InnoDB AUTO_INCREMENT=10 DEFAULT CHARSET=utf8mb4 COLLATE=utf8mb4_0900_ai_ci;
/*!40101 SET character_set_client = @saved_cs_client */;

--
-- Dumping data for table `services`
--

LOCK TABLES `services` WRITE;
/*!40000 ALTER TABLE `services` DISABLE KEYS */;
INSERT INTO `services` VALUES (1,'PSICOLOGA',2,27000.00,'2025-12-01 00:00:00'),(2,'SERVICIOS AMOC',1,17400.00,'2025-12-01 00:00:00'),(3,'MICROSOFT 365',1,5656.77,'2025-12-01 00:00:00'),(4,'SPOTIFY FAMILIAR',1,6424.47,'2025-12-01 00:00:00'),(5,'YOUTUBE PREMIUN',1,5200.47,'2025-12-01 00:00:00'),(6,'LINKEDIN',1,5506.47,'2025-12-01 00:00:00'),(7,'PERSONAL 4G',1,20000.00,'2025-12-01 00:00:00'),(8,'VIATICOS HIJOS',1,20000.00,'2025-12-01 00:00:00'),(9,'EDENOR (LUZ)',1,20000.00,'2025-12-01 00:00:00');
/*!40000 ALTER TABLE `services` ENABLE KEYS */;
UNLOCK TABLES;

--
-- Table structure for table `transactions`
--

DROP TABLE IF EXISTS `transactions`;
/*!40101 SET @saved_cs_client     = @@character_set_client */;
/*!50503 SET character_set_client = utf8mb4 */;
CREATE TABLE `transactions` (
  `id` int NOT NULL AUTO_INCREMENT,
  `transactioncode` varchar(45) DEFAULT NULL,
  `purchaseorder` varchar(45) DEFAULT NULL,
  `associatedentity` varchar(45) DEFAULT NULL,
  `transactiondate` datetime DEFAULT NULL,
  `summary` varchar(100) DEFAULT NULL,
  `observations` varchar(255) DEFAULT NULL,
  PRIMARY KEY (`id`)
) ENGINE=InnoDB DEFAULT CHARSET=utf8mb4 COLLATE=utf8mb4_0900_ai_ci;
/*!40101 SET character_set_client = @saved_cs_client */;

--
-- Dumping data for table `transactions`
--

LOCK TABLES `transactions` WRITE;
/*!40000 ALTER TABLE `transactions` DISABLE KEYS */;
/*!40000 ALTER TABLE `transactions` ENABLE KEYS */;
UNLOCK TABLES;

--
-- Table structure for table `typeofexpense`
--

DROP TABLE IF EXISTS `typeofexpense`;
/*!40101 SET @saved_cs_client     = @@character_set_client */;
/*!50503 SET character_set_client = utf8mb4 */;
CREATE TABLE `typeofexpense` (
  `id` int NOT NULL AUTO_INCREMENT,
  `type` varchar(200) DEFAULT NULL,
  `categoriesid` int DEFAULT NULL,
  PRIMARY KEY (`id`),
  KEY `fx_typeofexpense_categoriesid_idx` (`categoriesid`),
  CONSTRAINT `fx_typeofexpense_categoriesid` FOREIGN KEY (`categoriesid`) REFERENCES `categories` (`id`)
) ENGINE=InnoDB AUTO_INCREMENT=37 DEFAULT CHARSET=utf8mb4 COLLATE=utf8mb4_0900_ai_ci;
/*!40101 SET character_set_client = @saved_cs_client */;

--
-- Dumping data for table `typeofexpense`
--

LOCK TABLES `typeofexpense` WRITE;
/*!40000 ALTER TABLE `typeofexpense` DISABLE KEYS */;
INSERT INTO `typeofexpense` VALUES (1,'CUOTA ALIMENTARIA',1),(2,'ALQUILER',1),(3,'MEDICAMENTOS',1),(4,'GASTOS GENERALES HOGAR',1),(5,'UTILES ESCOLARES',4),(6,'SALIDAS C/HIJOS',4),(7,'CARGA DE CELULARES',2),(8,'ACTIVIDADES PERSONALES',2),(9,'RESUMEN TC BCO RIO AMEX',1),(10,'RESUMEN TC BCO RIO VISA',1),(11,'RESUMEN TC NX VISA VIRTUAL',1),(12,'RESUMEN TC NX VISA',1),(13,'RESUMEN TC NX MASTER CARD',1),(14,'RESUMEN MP CREDITO',1),(15,'VIATICOS HIJOS',4),(16,'GIMNASIO',7),(17,'AYUDA ESPIRITUAL',9),(18,'ELECTRODOMESTICOS',2),(19,'EDUCACION Y FORMACION',3),(20,'INVERSIONES',5),(21,'ABOGADAS',6),(22,'PSICOLOGA',7),(23,'MASOTERAPIA',7),(24,'SEGUROS DE VIDA',9),(25,'SEGUROS ROBO CAJERO',9),(26,'PERSONAL 4G',9),(27,'TELECENTRO WIFI',9),(28,'SERVICIOS AMOC',9),(29,'MICROSOFT 365',9),(30,'SPOTIFY FAMILIAR',9),(31,'YOUTUBE PREMIUN',9),(32,'LINKEDIN',9),(33,'MERCADO LIBRE DEBITO',1),(34,'COSMETICOS AVON',2),(35,'EDENOR (LUZ)',1),(36,'PRESTAMOS NX',8);
/*!40000 ALTER TABLE `typeofexpense` ENABLE KEYS */;
UNLOCK TABLES;

--
-- Table structure for table `users`
--

DROP TABLE IF EXISTS `users`;
/*!40101 SET @saved_cs_client     = @@character_set_client */;
/*!50503 SET character_set_client = utf8mb4 */;
CREATE TABLE `users` (
  `id` int NOT NULL AUTO_INCREMENT,
  `nick` varchar(45) DEFAULT NULL,
  `lasname` varchar(45) DEFAULT NULL,
  `firstname` varchar(45) DEFAULT NULL,
  `email` varchar(45) DEFAULT NULL,
  `password` varchar(45) DEFAULT NULL,
  `active` tinyint(1) DEFAULT NULL,
  PRIMARY KEY (`id`)
) ENGINE=InnoDB AUTO_INCREMENT=2 DEFAULT CHARSET=utf8mb4 COLLATE=utf8mb4_0900_ai_ci;
/*!40101 SET character_set_client = @saved_cs_client */;

--
-- Dumping data for table `users`
--

LOCK TABLES `users` WRITE;
/*!40000 ALTER TABLE `users` DISABLE KEYS */;
INSERT INTO `users` VALUES (1,'ark7511','Andres','Kamycki','andres.kamycki@gmail.com','7511',1);
/*!40000 ALTER TABLE `users` ENABLE KEYS */;
UNLOCK TABLES;

--
-- Dumping events for database 'personalfinance'
--

--
-- Dumping routines for database 'personalfinance'
--
/*!40103 SET TIME_ZONE=@OLD_TIME_ZONE */;

/*!40101 SET SQL_MODE=@OLD_SQL_MODE */;
/*!40014 SET FOREIGN_KEY_CHECKS=@OLD_FOREIGN_KEY_CHECKS */;
/*!40014 SET UNIQUE_CHECKS=@OLD_UNIQUE_CHECKS */;
/*!40101 SET CHARACTER_SET_CLIENT=@OLD_CHARACTER_SET_CLIENT */;
/*!40101 SET CHARACTER_SET_RESULTS=@OLD_CHARACTER_SET_RESULTS */;
/*!40101 SET COLLATION_CONNECTION=@OLD_COLLATION_CONNECTION */;
/*!40111 SET SQL_NOTES=@OLD_SQL_NOTES */;

-- Dump completed on 2025-11-19 11:55:14
